<?xml version="1.0"?>
<doc>
    <assembly>
        <name>AutumnBox.Basic</name>
    </assembly>
    <members>
        <member name="T:AutumnBox.Basic.Device.ActivityManager.Activity">
            <summary>
            活动管理器
            </summary>
        </member>
        <member name="M:AutumnBox.Basic.Device.ActivityManager.Activity.Start(AutumnBox.Basic.Device.DeviceSerialNumber,System.String,System.String)">
            <summary>
            启动一个Activty
            </summary>
            <param name="device">设备</param>
            <param name="pkgName">包名</param>
            <param name="className">Activity的类名</param>
            <returns></returns>
        </member>
        <member name="T:AutumnBox.Basic.Device.ActivityManager.Broadcast">
            <summary>
            广播管理器
            </summary>
        </member>
        <member name="M:AutumnBox.Basic.Device.ActivityManager.Broadcast.Send(AutumnBox.Basic.Device.DeviceSerialNumber,System.String)">
            <summary>
            发送一个广播
            </summary>
            <param name="device">设备</param>
            <param name="broadcast">广播内容</param>
            <returns></returns>
        </member>
        <member name="T:AutumnBox.Basic.Device.ActivityManager.Service">
            <summary>
            服务管理器
            </summary>
        </member>
        <member name="M:AutumnBox.Basic.Device.ActivityManager.Service.StartService(AutumnBox.Basic.Device.DeviceSerialNumber,System.String,System.String)">
            <summary>
            启动某个服务
            </summary>
            <param name="device">设备</param>
            <param name="pkgName">包名</param>
            <param name="className">服务类名</param>
            <returns></returns>
        </member>
        <member name="T:AutumnBox.Basic.Device.PackageManage.PackageManager">
            <summary>
            包管理器
            </summary>
        </member>
        <member name="M:AutumnBox.Basic.Device.PackageManage.PackageManager.UninstallApp(AutumnBox.Basic.Device.DeviceSerialNumber,System.String)">
            <summary>
            卸载App
            </summary>
            <param name="device"></param>
            <param name="packageName"></param>
            <returns></returns>
        </member>
        <member name="M:AutumnBox.Basic.Device.PackageManage.PackageManager.CleanAppData(AutumnBox.Basic.Device.DeviceSerialNumber,System.String)">
            <summary>
            清空app数据
            </summary>
            <param name="device"></param>
            <param name="packageName"></param>
            <returns></returns>
        </member>
        <member name="M:AutumnBox.Basic.Device.PackageManage.PackageManager.GetPackages(AutumnBox.Basic.Device.DeviceSerialNumber)">
            <summary>
            获取设备上的所有包
            </summary>
            <param name="devSerial"></param>
            <returns></returns>
        </member>
        <member name="M:AutumnBox.Basic.Device.PackageManage.PackageManager.IsInstall(AutumnBox.Basic.Device.DeviceSerialNumber,System.String)">
            <summary>
            检查是否安装了某个APP
            </summary>
            <param name="devSerial">设备</param>
            <param name="packageName">应用名</param>
            <returns></returns>
        </member>
        <member name="T:AutumnBox.Basic.Device.PackageManage.User">
            <summary>
            用户信息
            </summary>
        </member>
        <member name="P:AutumnBox.Basic.Device.PackageManage.User.Id">
            <summary>
            UID
            </summary>
        </member>
        <member name="P:AutumnBox.Basic.Device.PackageManage.User.Name">
            <summary>
            用户名
            </summary>
        </member>
        <member name="T:AutumnBox.Basic.Device.PackageManage.UserManager">
            <summary>
            用户管理器
            </summary>
        </member>
        <member name="M:AutumnBox.Basic.Device.PackageManage.UserManager.#ctor(AutumnBox.Basic.Device.DeviceSerialNumber)">
            <summary>
            构造一个用户管理器
            </summary>
            <param name="device"></param>
        </member>
        <member name="M:AutumnBox.Basic.Device.PackageManage.UserManager.GetUsers(System.Boolean)">
            <summary>
            获取设备上的所有用户
            </summary>
            <param name="ignoreZeroUser">是否忽略0号用户</param>
            <returns>用户</returns>
        </member>
        <member name="M:AutumnBox.Basic.Device.PackageManage.UserManager.RemoveUser(System.Int32)">
            <summary>
            移除某个用户
            </summary>
            <param name="uid">UID</param>
            <returns></returns>
        </member>
        <member name="T:AutumnBox.Basic.Device.PackageManage.PackageInfo">
            <summary>
            包信息
            </summary>
        </member>
        <member name="P:AutumnBox.Basic.Device.PackageManage.PackageInfo.IsExist">
            <summary>
            这个包是否存在
            </summary>
        </member>
        <member name="P:AutumnBox.Basic.Device.PackageManage.PackageInfo.MainActivity">
            <summary>
            主界面类名
            </summary>
        </member>
        <member name="P:AutumnBox.Basic.Device.PackageManage.PackageInfo.Name">
            <summary>
            包名
            </summary>
        </member>
        <member name="P:AutumnBox.Basic.Device.PackageManage.PackageInfo.Owner">
            <summary>
            这个包所在的设备
            </summary>
        </member>
        <member name="M:AutumnBox.Basic.Device.PackageManage.PackageInfo.#ctor(AutumnBox.Basic.Device.DeviceSerialNumber,System.String)">
            <summary>
            构建
            </summary>
            <param name="owner"></param>
            <param name="name"></param>
        </member>
        <member name="T:AutumnBox.Basic.Device.PackageManage.PackageNotFoundException">
            <summary>
            找不到包的异常
            </summary>
        </member>
        <member name="P:AutumnBox.Basic.Device.PackageManage.PackageNotFoundException.PackageName">
            <summary>
            包名
            </summary>
        </member>
        <member name="M:AutumnBox.Basic.Device.PackageManage.PackageNotFoundException.#ctor(System.String)">
            <summary>
            构建
            </summary>
            <param name="packageName"></param>
        </member>
        <member name="T:AutumnBox.Basic.Device.BuildPropKeys">
            <summary>
            build.prop中常用的key
            </summary>
        </member>
        <member name="M:AutumnBox.Basic.Device.DeviceBuildPropSetter.ReloadFromDevice">
            <summary>
            从设备加载数据
            </summary>
        </member>
        <member name="M:AutumnBox.Basic.Device.DeviceBuildPropSetter.SaveToDevice">
            <summary>
            将所做的改动保存到设备
            </summary>
        </member>
        <member name="M:AutumnBox.Basic.Device.DeviceBuildPropSetter.Set(System.String,System.String)">
            <summary>
            设置Value
            </summary>
            <param name="key"></param>
            <param name="value"></param>
        </member>
        <member name="T:AutumnBox.Basic.Device.DeviceHaveNoRootException">
            <summary>
            设备没有Root的异常
            </summary>
        </member>
        <member name="P:AutumnBox.Basic.Device.DeviceHaveNoRootException.Device">
            <summary>
            具体的设备
            </summary>
        </member>
        <member name="M:AutumnBox.Basic.Device.DeviceHaveNoRootException.#ctor">
            <summary>
            创建DeviceHaveNoRootException的新实例
            </summary>
        </member>
        <member name="M:AutumnBox.Basic.Device.DeviceHaveNoRootException.#ctor(AutumnBox.Basic.Device.DeviceSerialNumber)">
            <summary>
            创建DeviceHaveNoRootException的新实例并说明设备
            </summary>
        </member>
        <member name="T:AutumnBox.Basic.Device.DeviceInfoGetterInFastboot">
            <summary>
            获取处在Fastboot状态下的设备的信息
            </summary>
        </member>
        <member name="M:AutumnBox.Basic.Device.DeviceInfoGetterInFastboot.#ctor(AutumnBox.Basic.Device.DeviceSerialNumber)">
            <summary>
            创建DeviceInfoGetterInFastboot的新实例
            </summary>
            <param name="serial">具体的设备</param>
        </member>
        <member name="M:AutumnBox.Basic.Device.DeviceInfoGetterInFastboot.GetProduct">
            <summary>
            获取Product信息
            </summary>
            <returns></returns>
        </member>
        <member name="T:AutumnBox.Basic.Device.DeviceNotFoundException">
            <summary>
            找不到设备异常
            </summary>
        </member>
        <member name="T:AutumnBox.Basic.Device.RebootOptions">
            <summary>
            重启目标
            </summary>
        </member>
        <member name="F:AutumnBox.Basic.Device.RebootOptions.System">
            <summary>
            重启到系统
            </summary>
        </member>
        <member name="F:AutumnBox.Basic.Device.RebootOptions.Recovery">
            <summary>
            重启到恢复模式
            </summary>
        </member>
        <member name="F:AutumnBox.Basic.Device.RebootOptions.Fastboot">
            <summary>
            重启到bootloader模式
            </summary>
        </member>
        <member name="F:AutumnBox.Basic.Device.RebootOptions.Snapdragon9008">
            <summary>
            高通9008模式
            </summary>
        </member>
        <member name="F:AutumnBox.Basic.Device.RebootOptions.Sideload">
            <summary>
            Sideload模式
            </summary>
        </member>
        <member name="T:AutumnBox.Basic.Device.DeviceRebooter">
            <summary>
            设备重启器
            </summary>
        </member>
        <member name="M:AutumnBox.Basic.Device.DeviceRebooter.RebootAsync(AutumnBox.Basic.Device.DeviceBasicInfo,AutumnBox.Basic.Device.RebootOptions,System.Action)">
            <summary>
            异步重启(如果ADB或手机卡到爆,那么这个函数就有作用了)
            </summary>
            <param name="dev"></param>
            <param name="option"></param>
            <param name="callback"></param>
        </member>
        <member name="M:AutumnBox.Basic.Device.DeviceRebooter.Reboot(AutumnBox.Basic.Device.DeviceBasicInfo,AutumnBox.Basic.Device.RebootOptions)">
            <summary>
            重启手机
            </summary>
            <param name="dev"></param>
            <param name="option"></param>
        </member>
        <member name="T:AutumnBox.Basic.Device.DeviceSoftwareInfoGetter">
            <summary>
            设备软件信息获取器
            </summary>
        </member>
        <member name="M:AutumnBox.Basic.Device.DeviceSoftwareInfoGetter.#ctor(AutumnBox.Basic.Device.DeviceSerialNumber)">
            <summary>
            创建DeviceSoftwareInfoGetter的新实例
            </summary>
            <param name="serial"></param>
        </member>
        <member name="M:AutumnBox.Basic.Device.DeviceSoftwareInfoGetter.IsRootEnable">
            <summary>
            检测ROOT是否可以使用
            </summary>
            <returns></returns>
        </member>
        <member name="M:AutumnBox.Basic.Device.DeviceSoftwareInfoGetter.GetLocationIP">
            <summary>
            获取设备的局域网IP
            </summary>
            <returns></returns>
        </member>
        <member name="M:AutumnBox.Basic.Device.DeviceSoftwareInfoGetter.IsInstall(System.String)">
            <summary>
            检测设备是否安装某个应用
            </summary>
            <param name="packageName"></param>
            <returns></returns>
        </member>
        <member name="T:AutumnBox.Basic.Device.DeviceSerialNumber">
            <summary>
            设备序列号
            </summary>
        </member>
        <member name="P:AutumnBox.Basic.Device.DeviceSerialNumber.IsIpAdress">
            <summary>
            判断这个序列号是否是一个IP
            </summary>
        </member>
        <member name="M:AutumnBox.Basic.Device.DeviceSerialNumber.ToString">
            <summary>
            变回string
            </summary>
            <returns></returns>
        </member>
        <member name="M:AutumnBox.Basic.Device.DeviceSerialNumber.ToFullSerial">
            <summary>
            获取类似 -s deviceSerial的字符串
            </summary>
            <returns></returns>
        </member>
        <member name="M:AutumnBox.Basic.Device.DeviceSerialNumber.#ctor(System.String)">
            <summary>
            创建DeviceSerial的新实例
            </summary>
            <param name="serialStr"></param>
        </member>
        <member name="M:AutumnBox.Basic.Device.DeviceSerialNumber.op_Equality(AutumnBox.Basic.Device.DeviceSerialNumber,AutumnBox.Basic.Device.DeviceSerialNumber)">
            <summary>
            判断两个serial是否相等
            </summary>
            <param name="left"></param>
            <param name="right"></param>
            <returns></returns>
        </member>
        <member name="M:AutumnBox.Basic.Device.DeviceSerialNumber.op_Inequality(AutumnBox.Basic.Device.DeviceSerialNumber,AutumnBox.Basic.Device.DeviceSerialNumber)">
            <summary>
            判断两个serial是否不相等
            </summary>
            <param name="left"></param>
            <param name="right"></param>
            <returns></returns>
        </member>
        <member name="M:AutumnBox.Basic.Device.DeviceSerialNumber.Equals(AutumnBox.Basic.Device.DeviceSerialNumber)">
            <summary>
            进行比较
            </summary>
            <param name="other"></param>
            <returns></returns>
        </member>
        <member name="M:AutumnBox.Basic.Device.DeviceSerialNumber.Equals(System.Object)">
            <summary>
            比较
            </summary>
            <param name="obj"></param>
            <returns></returns>
        </member>
        <member name="M:AutumnBox.Basic.Device.DeviceSerialNumber.GetHashCode">
            <summary>
            获取哈希码
            </summary>
            <returns></returns>
        </member>
        <member name="T:AutumnBox.Basic.Device.DeviceBuildPropGetter">
            <summary>
            设备Build.prop信息获取器
            </summary>
        </member>
        <member name="P:AutumnBox.Basic.Device.DeviceBuildPropGetter.Serial">
            <summary>
            绑定的设备
            </summary>
        </member>
        <member name="M:AutumnBox.Basic.Device.DeviceBuildPropGetter.#ctor(AutumnBox.Basic.Device.DeviceSerialNumber)">
            <summary>
            构建
            </summary>
            <param name="serial"></param>
        </member>
        <member name="M:AutumnBox.Basic.Device.DeviceBuildPropGetter.GetProductName">
            <summary>
            获取产品名 类似Mi 6
            </summary>
            <returns></returns>
        </member>
        <member name="M:AutumnBox.Basic.Device.DeviceBuildPropGetter.GetAndroidVersion">
            <summary>
            获取安卓版本 类似 8.0.0
            </summary>
            <returns></returns>
        </member>
        <member name="M:AutumnBox.Basic.Device.DeviceBuildPropGetter.GetModel">
            <summary>
            获取Model 类似sagit
            </summary>
            <returns></returns>
        </member>
        <member name="M:AutumnBox.Basic.Device.DeviceBuildPropGetter.GetBrand">
            <summary>
            获取Brand 类似Xiaomi
            </summary>
            <returns></returns>
        </member>
        <member name="M:AutumnBox.Basic.Device.DeviceBuildPropGetter.GetBoard">
            <summary>
            获取主板信息,但因为厂商原因,可能会是别的信息
            </summary>
            <returns></returns>
        </member>
        <member name="M:AutumnBox.Basic.Device.DeviceBuildPropGetter.GetSdkVersion">
            <summary>
            获取设备SDK版本
            </summary>
            <returns></returns>
        </member>
        <member name="M:AutumnBox.Basic.Device.DeviceBuildPropGetter.Get(System.String)">
            <summary>
            自行指定KEY的值
            </summary>
            <param name="key"></param>
            <returns></returns>
        </member>
        <member name="M:AutumnBox.Basic.Device.DeviceBuildPropGetter.GetFull">
            <summary>
            获取所有的key与value
            </summary>
            <returns></returns>
        </member>
        <member name="T:AutumnBox.Basic.Device.DeviceHardwareInfo">
            <summary>
            设备硬件信息
            </summary>
        </member>
        <member name="P:AutumnBox.Basic.Device.DeviceHardwareInfo.Serial">
            <summary>
            设备序列号
            </summary>
        </member>
        <member name="P:AutumnBox.Basic.Device.DeviceHardwareInfo.ScreenInfo">
            <summary>
            屏幕信息
            </summary>
        </member>
        <member name="P:AutumnBox.Basic.Device.DeviceHardwareInfo.BatteryLevel">
            <summary>
            电量信息
            </summary>
        </member>
        <member name="P:AutumnBox.Basic.Device.DeviceHardwareInfo.SizeofRam">
            <summary>
            Ram大小
            </summary>
        </member>
        <member name="P:AutumnBox.Basic.Device.DeviceHardwareInfo.SizeofRom">
            <summary>
            Rom大小
            </summary>
        </member>
        <member name="P:AutumnBox.Basic.Device.DeviceHardwareInfo.FlashMemoryType">
            <summary>
            闪存信息
            </summary>
        </member>
        <member name="P:AutumnBox.Basic.Device.DeviceHardwareInfo.SOCInfo">
            <summary>
            Soc信息
            </summary>
        </member>
        <member name="T:AutumnBox.Basic.Device.DeviceHardwareInfoGetter">
            <summary>
            设备硬件信息获取器
            </summary>
        </member>
        <member name="M:AutumnBox.Basic.Device.DeviceHardwareInfoGetter.#ctor(AutumnBox.Basic.Device.DeviceSerialNumber)">
            <summary>
            构造
            </summary>
            <param name="deviceSerial"></param>
        </member>
        <member name="M:AutumnBox.Basic.Device.DeviceHardwareInfoGetter.Get">
            <summary>
            获取信息
            </summary>
            <returns></returns>
        </member>
        <member name="M:AutumnBox.Basic.Device.DeviceHardwareInfoGetter.GetBatteryLevel">
            <summary>
            获取剩余电量
            </summary>
            <returns></returns>
        </member>
        <member name="M:AutumnBox.Basic.Device.DeviceHardwareInfoGetter.GetDpi">
            <summary>
            获取设备默认Dpi
            </summary>
            <returns></returns>
        </member>
        <member name="M:AutumnBox.Basic.Device.DeviceHardwareInfoGetter.SizeofRam">
            <summary>
            获取设备RAM大小
            </summary>
            <returns></returns>
        </member>
        <member name="M:AutumnBox.Basic.Device.DeviceHardwareInfoGetter.SizeofRom">
            <summary>
            获取设备ROM大小
            </summary>
            <returns></returns>
        </member>
        <member name="M:AutumnBox.Basic.Device.DeviceHardwareInfoGetter.GetSocInfo">
            <summary>
            获取设备SOC信息
            </summary>
            <returns></returns>
        </member>
        <member name="M:AutumnBox.Basic.Device.DeviceHardwareInfoGetter.GetScreenInfo">
            <summary>
            获取设备屏幕信息
            </summary>
            <returns></returns>
        </member>
        <member name="M:AutumnBox.Basic.Device.DeviceHardwareInfoGetter.GetFlashMemoryType">
            <summary>
            获取设备闪存信息
            </summary>
            <returns></returns>
        </member>
        <member name="T:AutumnBox.Basic.Device.DeviceImage">
            <summary>
            设备镜像
            </summary>
        </member>
        <member name="F:AutumnBox.Basic.Device.DeviceImage.Boot">
            <summary>
            Boot镜像
            </summary>
        </member>
        <member name="F:AutumnBox.Basic.Device.DeviceImage.Recovery">
            <summary>
            Recovery镜像
            </summary>
        </member>
        <member name="T:AutumnBox.Basic.Device.DeviceImageFinder">
            <summary>
            设备镜像路径寻找器,由于安卓碎片化严重,不保证能完美运行,如果有特殊需求请另行实现
            </summary>
        </member>
        <member name="P:AutumnBox.Basic.Device.DeviceImageFinder.ShellAsSu">
            <summary>
            使用的android shell类
            </summary>
        </member>
        <member name="M:AutumnBox.Basic.Device.DeviceImageFinder.#ctor(AutumnBox.Basic.Device.DeviceSerialNumber)">
            <summary>
            构建实例
            </summary>
            <param name="serial"></param>
        </member>
        <member name="M:AutumnBox.Basic.Device.DeviceImageFinder.PathOf(AutumnBox.Basic.Device.DeviceSerialNumber,AutumnBox.Basic.Device.DeviceImage)">
            <summary>
            获取目标设备的指定image路径
            </summary>
            <param name="serial"></param>
            <param name="imageType"></param>
            <returns></returns>
        </member>
        <member name="M:AutumnBox.Basic.Device.DeviceImageFinder.PathOf(AutumnBox.Basic.Device.DeviceImage)">
            <summary>
            获取image的路径
            </summary>
            <param name="imageType"></param>
            <returns></returns>
        </member>
        <member name="M:AutumnBox.Basic.Device.DeviceImageFinder.Dispose">
            <summary>
            析构
            </summary>
        </member>
        <member name="T:AutumnBox.Basic.Device.DeviceBasicInfo">
            <summary>
            简单的仅包含设备id和设备状态的结构体,主要用于设备列表 DevicesList
            </summary>
        </member>
        <member name="P:AutumnBox.Basic.Device.DeviceBasicInfo.Serial">
            <summary>
            设备序列号
            </summary>
        </member>
        <member name="P:AutumnBox.Basic.Device.DeviceBasicInfo.State">
            <summary>
            设备的状态
            </summary>
        </member>
        <member name="M:AutumnBox.Basic.Device.DeviceBasicInfo.Make(System.String,AutumnBox.Basic.Device.DeviceState)">
            <summary>
            构建一个设备基础信息类
            </summary>
            <param name="serialStr"></param>
            <param name="state"></param>
            <returns></returns>
        </member>
        <member name="M:AutumnBox.Basic.Device.DeviceBasicInfo.ToString">
            <summary>
            获取如 serial state 的字符串
            </summary>
            <returns></returns>
        </member>
        <member name="M:AutumnBox.Basic.Device.DeviceBasicInfo.op_Equality(AutumnBox.Basic.Device.DeviceBasicInfo,AutumnBox.Basic.Device.DeviceBasicInfo)">
            <summary>
            比较是否相等
            </summary>
            <param name="left"></param>
            <param name="right"></param>
            <returns></returns>
        </member>
        <member name="M:AutumnBox.Basic.Device.DeviceBasicInfo.op_Inequality(AutumnBox.Basic.Device.DeviceBasicInfo,AutumnBox.Basic.Device.DeviceBasicInfo)">
            <summary>
            比较是否不等
            </summary>
            <param name="left"></param>
            <param name="right"></param>
            <returns></returns>
        </member>
        <member name="M:AutumnBox.Basic.Device.DeviceBasicInfo.op_Implicit(AutumnBox.Basic.Device.DeviceBasicInfo)~System.String">
            <summary>
            隐式转换为string
            </summary>
            <param name="info"></param>
        </member>
        <member name="M:AutumnBox.Basic.Device.DeviceBasicInfo.op_Implicit(AutumnBox.Basic.Device.DeviceBasicInfo)~AutumnBox.Basic.Device.DeviceSerialNumber">
            <summary>
            隐式转换DeviceBasicInfo为Serial
            </summary>
            <param name="info"></param>
        </member>
        <member name="M:AutumnBox.Basic.Device.DeviceBasicInfo.op_Implicit(AutumnBox.Basic.Device.DeviceBasicInfo)~AutumnBox.Basic.Device.DeviceState">
            <summary>
            隐式转换DeviceBasicInfo为DeviceState
            </summary>
            <param name="info"></param>
        </member>
        <member name="M:AutumnBox.Basic.Device.DeviceBasicInfo.Equals(AutumnBox.Basic.Device.DeviceBasicInfo)">
            <summary>
            比较两个DeviceBasicInfo是否相等
            </summary>
            <param name="other"></param>
            <returns></returns>
        </member>
        <member name="M:AutumnBox.Basic.Device.DeviceBasicInfo.Equals(System.Object)">
            <summary>
            比较两个DeviceBasicInfo是否相等
            </summary>
            <returns></returns>
        </member>
        <member name="M:AutumnBox.Basic.Device.DeviceBasicInfo.GetHashCode">
            <summary>
            获取HashCode()
            </summary>
            <returns></returns>
        </member>
        <member name="T:AutumnBox.Basic.Device.ISetableShell">
            <summary>
            可设置AndroidShell
            </summary>
        </member>
        <member name="M:AutumnBox.Basic.Device.DeviceStateExtension.ToDeviceState(System.String)">
            <summary>
            将字符串解析为DeviceState
            </summary>
            <param name="strStatus"></param>
            <returns></returns>
        </member>
        <member name="T:AutumnBox.Basic.Device.DeviceState">
            <summary>
            设备状态枚举
            </summary>
        </member>
        <member name="F:AutumnBox.Basic.Device.DeviceState.None">
            <summary>
            无设备
            </summary>
        </member>
        <member name="F:AutumnBox.Basic.Device.DeviceState.Poweron">
            <summary>
            开机状态
            </summary>
        </member>
        <member name="F:AutumnBox.Basic.Device.DeviceState.Recovery">
            <summary>
            处于恢复模式
            </summary>
        </member>
        <member name="F:AutumnBox.Basic.Device.DeviceState.Fastboot">
            <summary>
            处于Fastboot模式
            </summary>
        </member>
        <member name="F:AutumnBox.Basic.Device.DeviceState.Sideload">
            <summary>
            处于sideload模式
            </summary>
        </member>
        <member name="F:AutumnBox.Basic.Device.DeviceState.Offline">
            <summary>
            处于offline
            </summary>
        </member>
        <member name="F:AutumnBox.Basic.Device.DeviceState.Unknown">
            <summary>
            未知状态
            </summary>
        </member>
        <member name="F:AutumnBox.Basic.Device.DeviceState.Unauthorized">
            <summary>
            未允许ADB调试
            </summary>
        </member>
        <member name="T:AutumnBox.Basic.Executer.AdvanceOutput">
            <summary>
            高级输出,相比父类多了个返回码
            </summary>
        </member>
        <member name="M:AutumnBox.Basic.Executer.AdvanceOutput.GetExitCode">
            <summary>
            获取返回码
            </summary>
            <returns></returns>
        </member>
        <member name="P:AutumnBox.Basic.Executer.AdvanceOutput.IsSuccessful">
            <summary>
            根据返回码判断是否成功
            </summary>
        </member>
        <member name="M:AutumnBox.Basic.Executer.AdvanceOutput.#ctor(AutumnBox.Basic.Executer.Output,System.Int32)">
            <summary>
            构建
            </summary>
            <param name="source"></param>
            <param name="exitCode"></param>
        </member>
        <member name="T:AutumnBox.Basic.Executer.AdvanceOutputBuilder">
            <summary>
            高级输出构建器
            </summary>
        </member>
        <member name="P:AutumnBox.Basic.Executer.AdvanceOutputBuilder.ExitCode">
            <summary>
            返回码
            </summary>
        </member>
        <member name="P:AutumnBox.Basic.Executer.AdvanceOutputBuilder.Result">
            <summary>
            获取结果
            </summary>
        </member>
        <member name="M:AutumnBox.Basic.Executer.AdvanceOutputBuilder.Clear">
            <summary>
            清空构造器
            </summary>
        </member>
        <member name="T:AutumnBox.Basic.Executer.AndroidShellV2">
            <summary>
            轻量级的AndroidShell
            </summary>
        </member>
        <member name="T:AutumnBox.Basic.Executer.AndroidShellV2.LinuxUser">
            <summary>
            Linux用户
            </summary>
        </member>
        <member name="F:AutumnBox.Basic.Executer.AndroidShellV2.LinuxUser.Normal">
            <summary>
            普通用户
            </summary>
        </member>
        <member name="F:AutumnBox.Basic.Executer.AndroidShellV2.LinuxUser.Su">
            <summary>
            超级用户(su/root)
            </summary>
        </member>
        <member name="E:AutumnBox.Basic.Executer.AndroidShellV2.OutputReceived">
            <summary>
            接收到输出时发生
            </summary>
        </member>
        <member name="E:AutumnBox.Basic.Executer.AndroidShellV2.ProcessStarted">
            <summary>
            主进程开始时发生
            </summary>
        </member>
        <member name="M:AutumnBox.Basic.Executer.AndroidShellV2.#ctor(AutumnBox.Basic.Device.DeviceSerialNumber)">
            <summary>
            构建
            </summary>
            <param name="device"></param>
        </member>
        <member name="M:AutumnBox.Basic.Executer.AndroidShellV2.HaveSu">
            <summary>
            检测是否有root权限
            </summary>
            <returns></returns>
        </member>
        <member name="M:AutumnBox.Basic.Executer.AndroidShellV2.Execute(System.String,AutumnBox.Basic.Executer.AndroidShellV2.LinuxUser,System.Boolean)">
            <summary>
            执行一段命令
            </summary>
            <param name="command">命令</param>
            <param name="user">用户类型</param>
            <param name="suCheck">当root执行时,检测su是否存在并根据情况抛出异常</param>
            <returns></returns>
        </member>
        <member name="T:AutumnBox.Basic.Executer.OutputBuilder">
            <summary>
            输出构造器
            </summary>
        </member>
        <member name="M:AutumnBox.Basic.Executer.OutputBuilder.#ctor">
            <summary>
            构建一个新的OutputBuilder实例
            </summary>
        </member>
        <member name="M:AutumnBox.Basic.Executer.OutputBuilder.AppendOut(System.String)">
            <summary>
            添加一段标准输出
            </summary>
            <param name="text"></param>
        </member>
        <member name="M:AutumnBox.Basic.Executer.OutputBuilder.AppendError(System.String)">
            <summary>
            添加一段标准错误
            </summary>
            <param name="text"></param>
        </member>
        <member name="M:AutumnBox.Basic.Executer.OutputBuilder.Append(AutumnBox.Basic.Executer.OutputBuilder)">
            <summary>
            增加
            </summary>
            <param name="builder"></param>
        </member>
        <member name="M:AutumnBox.Basic.Executer.OutputBuilder.Append(AutumnBox.Basic.Executer.Output)">
            <summary>
            增加
            </summary>
            <param name="output"></param>
        </member>
        <member name="M:AutumnBox.Basic.Executer.OutputBuilder.Clear">
            <summary>
            清空
            </summary>
        </member>
        <member name="M:AutumnBox.Basic.Executer.OutputBuilder.Register(AutumnBox.Basic.Executer.IOutputable)">
            <summary>
            监听一个IOutputable的输出并记录
            </summary>
            <param name="sender"></param>
        </member>
        <member name="M:AutumnBox.Basic.Executer.OutputBuilder.Unregister(AutumnBox.Basic.Executer.IOutputable)">
            <summary>
            取消监听一个IOutputable
            </summary>
            <param name="sender"></param>
        </member>
        <member name="P:AutumnBox.Basic.Executer.OutputBuilder.LeastLine">
            <summary>
            最新的一行输出
            </summary>
        </member>
        <member name="M:AutumnBox.Basic.Executer.OutputBuilder.ToOutput">
            <summary>
            获取结果,建议使用Result属性
            </summary>
            <returns></returns>
        </member>
        <member name="P:AutumnBox.Basic.Executer.OutputBuilder.Result">
            <summary>
            获取结果
            </summary>
        </member>
        <member name="T:AutumnBox.Basic.Executer.ExcutionException">
            <summary>
            命令执行错误
            </summary>
        </member>
        <member name="P:AutumnBox.Basic.Executer.ExcutionException.ExecuteResult">
            <summary>
            具体的执行结果
            </summary>
        </member>
        <member name="M:AutumnBox.Basic.Executer.ExcutionException.#ctor(AutumnBox.Basic.Executer.Output)">
            <summary>
            构建
            </summary>
            <param name="result"></param>
        </member>
        <member name="T:AutumnBox.Basic.Executer.OutputReceivedEventHandler">
            <summary>
            接收到输出时的事件处理器
            </summary>
            <param name="sender"></param>
            <param name="e"></param>
        </member>
        <member name="T:AutumnBox.Basic.Executer.OutputReceivedEventArgs">
            <summary>
            接收到输出时的事件处理的参数
            </summary>
        </member>
        <member name="P:AutumnBox.Basic.Executer.OutputReceivedEventArgs.IsError">
            <summary>
            这个输出是否是标准错误
            </summary>
        </member>
        <member name="P:AutumnBox.Basic.Executer.OutputReceivedEventArgs.Text">
            <summary>
            具体的输出文本
            </summary>
        </member>
        <member name="P:AutumnBox.Basic.Executer.OutputReceivedEventArgs.SourceArgs">
            <summary>
            源事件参数
            </summary>
        </member>
        <member name="M:AutumnBox.Basic.Executer.OutputReceivedEventArgs.#ctor(System.Diagnostics.DataReceivedEventArgs,System.Boolean)">
            <summary>
            构建
            </summary>
            <param name="sourceEventArgs"></param>
            <param name="isError"></param>
        </member>
        <member name="T:AutumnBox.Basic.Executer.ProcessStartedEventHandler">
            <summary>
            当进程开始时的事件处理器
            </summary>
            <param name="sender"></param>
            <param name="e"></param>
        </member>
        <member name="T:AutumnBox.Basic.Executer.ProcessStartedEventArgs">
            <summary>
            当进程开始时的事件处理器参数
            </summary>
        </member>
        <member name="P:AutumnBox.Basic.Executer.ProcessStartedEventArgs.Pid">
            <summary>
            进程ID
            </summary>
        </member>
        <member name="M:AutumnBox.Basic.Executer.ProcessStartedEventArgs.#ctor(System.Int32)">
            <summary>
            构建
            </summary>
            <param name="pid"></param>
        </member>
        <member name="T:AutumnBox.Basic.Executer.AndroidShell">
            <summary>
            简单封装的,用于执行基础命令的AndroidShell类
            </summary>
        </member>
        <member name="F:AutumnBox.Basic.Executer.AndroidShell._finishMark">
            <summary>
            每条常规命令后都会有这个命令,用来获取返回值
            </summary>
        </member>
        <member name="E:AutumnBox.Basic.Executer.AndroidShell.ProcessStarted">
            <summary>
            进程开始时发生
            </summary>
        </member>
        <member name="E:AutumnBox.Basic.Executer.AndroidShell.InputReceived">
            <summary>
            接收到输入时发生
            </summary>
        </member>
        <member name="E:AutumnBox.Basic.Executer.AndroidShell.OutputReceived">
            <summary>
            接收到输出时发生
            </summary>
        </member>
        <member name="P:AutumnBox.Basic.Executer.AndroidShell.HasExited">
            <summary>
            是否退出
            </summary>
        </member>
        <member name="P:AutumnBox.Basic.Executer.AndroidShell.IsConnect">
            <summary>
            是否连接
            </summary>
        </member>
        <member name="M:AutumnBox.Basic.Executer.AndroidShell.#ctor(AutumnBox.Basic.Device.DeviceSerialNumber)">
            <summary>
            实例化
            </summary>
            <param name="id"></param>
        </member>
        <member name="P:AutumnBox.Basic.Executer.AndroidShell.IsRunningAsSuperuser">
            <summary>
            是否运行在超级用户(root)下
            </summary>
        </member>
        <member name="F:AutumnBox.Basic.Executer.AndroidShell._isSwitchedSu">
            <summary>
            是否已经切换到超级用户
            </summary>
        </member>
        <member name="M:AutumnBox.Basic.Executer.AndroidShell.Switch2Su">
            <summary>
            切换到超级用户
            </summary>
            <returns></returns>
        </member>
        <member name="M:AutumnBox.Basic.Executer.AndroidShell.Switch2Normal">
            <summary>
            切换到普通用户
            </summary>
            <returns></returns>
        </member>
        <member name="M:AutumnBox.Basic.Executer.AndroidShell.Input(System.String)">
            <summary>
            输入一条指令,不会进行自动等待
            </summary>
            <param name="command"></param>
        </member>
        <member name="M:AutumnBox.Basic.Executer.AndroidShell.SafetyInput(System.String)">
            <summary>
            输入一条指令,会进行线程等待并且可以获取返回值
            </summary>
            <param name="command"></param>
            <returns></returns>
        </member>
        <member name="M:AutumnBox.Basic.Executer.AndroidShell.Connect(System.Boolean)">
            <summary>
            连接到设备上
            </summary>
            <param name="asSuperuser"></param>
        </member>
        <member name="M:AutumnBox.Basic.Executer.AndroidShell.Disconnect">
            <summary>
            断开连接
            </summary>
        </member>
        <member name="M:AutumnBox.Basic.Executer.AndroidShell.Dispose">
            <summary>
            析构
            </summary>
        </member>
        <member name="M:AutumnBox.Basic.Executer.AndroidShell.OnOutputReceived(AutumnBox.Basic.Executer.OutputReceivedEventArgs)">
            <summary>
            触发OutputReceived事件
            </summary>
            <param name="e"></param>
        </member>
        <member name="M:AutumnBox.Basic.Executer.AndroidShell.OnInputReceived(AutumnBox.Basic.Executer.InputReceivedEventArgs)">
            <summary>
            触发InputReceived事件
            </summary>
            <param name="e"></param>
        </member>
        <member name="F:AutumnBox.Basic.Executer.AndroidShell._mainProcess">
            <summary>
            主进程
            </summary>
        </member>
        <member name="F:AutumnBox.Basic.Executer.AndroidShell._latestCommand">
            <summary>
            最近一次的命令
            </summary>
        </member>
        <member name="P:AutumnBox.Basic.Executer.AndroidShell._latestOutput">
            <summary>
            最近的一行输出
            </summary>
        </member>
        <member name="F:AutumnBox.Basic.Executer.AndroidShell.builder">
            <summary>
            用来存储输出的缓冲类
            </summary>
        </member>
        <member name="F:AutumnBox.Basic.Executer.AndroidShell._isEnableRead">
            <summary>
            是否存储输出
            </summary>
        </member>
        <member name="M:AutumnBox.Basic.Executer.AndroidShell.BeginRead">
            <summary>
            开始获取输出
            </summary>
        </member>
        <member name="M:AutumnBox.Basic.Executer.AndroidShell.StopRead">
            <summary>
            停止获取输出
            </summary>
        </member>
        <member name="T:AutumnBox.Basic.Executer.InputReceivedEventHandler">
            <summary>
            输入事件处理器委托
            </summary>
            <param name="sender"></param>
            <param name="e"></param>
        </member>
        <member name="T:AutumnBox.Basic.Executer.InputReceivedEventArgs">
            <summary>
            输入事件处理参数
            </summary>
        </member>
        <member name="P:AutumnBox.Basic.Executer.InputReceivedEventArgs.Command">
            <summary>
            输入的命令
            </summary>
        </member>
        <member name="F:AutumnBox.Basic.Executer.InputReceivedEventArgs.Time">
            <summary>
            输入的时间
            </summary>
        </member>
        <member name="M:AutumnBox.Basic.Executer.InputReceivedEventArgs.#ctor">
            <summary>
            构造
            </summary>
        </member>
        <member name="T:AutumnBox.Basic.Executer.CommandExecuter">
            <summary>
            万物基于命令执行器(滑稽)
            </summary>
        </member>
        <member name="E:AutumnBox.Basic.Executer.CommandExecuter.OutputReceived">
            <summary>
            接收到输出时发生
            </summary>
        </member>
        <member name="E:AutumnBox.Basic.Executer.CommandExecuter.ProcessStarted">
            <summary>
            进程开始时发生
            </summary>
        </member>
        <member name="F:AutumnBox.Basic.Executer.CommandExecuter.Static">
            <summary>
            静态的公用命令执行器
            </summary>
        </member>
        <member name="M:AutumnBox.Basic.Executer.CommandExecuter.#ctor">
            <summary>
            构建
            </summary>
        </member>
        <member name="M:AutumnBox.Basic.Executer.CommandExecuter.Execute(System.String,System.String)">
            <summary>
            执行一段命令或运行某个程序
            </summary>
            <param name="fileName">文件路径</param>
            <param name="args">命令或参数</param>
            <returns></returns>
        </member>
        <member name="M:AutumnBox.Basic.Executer.CommandExecuter.Execute(AutumnBox.Basic.Executer.Command)">
            <summary>
            执行一个命令
            </summary>
            <param name="cmd"></param>
            <returns></returns>
        </member>
        <member name="M:AutumnBox.Basic.Executer.CommandExecuter.QuicklyShell(AutumnBox.Basic.Device.DeviceSerialNumber,System.String)">
            <summary>
            便捷的执行一段shell代码,但更建议使用AndroidShellV2来完成
            </summary>
            <param name="dev"></param>
            <param name="command"></param>
            <returns></returns>
        </member>
        <member name="T:AutumnBox.Basic.Executer.IOutputable">
            <summary>
            可输出的
            实现这个接口,将可以使用OutputBuilder.Register()方法来使OutputBuilder自动记录输出
            </summary>
        </member>
        <member name="T:AutumnBox.Basic.Executer.Output">
            <summary>
            输出封装类
            </summary>
        </member>
        <member name="P:AutumnBox.Basic.Executer.Output.LineAll">
            <summary>
            所有的输出
            </summary>
        </member>
        <member name="P:AutumnBox.Basic.Executer.Output.LineOut">
            <summary>
            所有的标准输出
            </summary>
        </member>
        <member name="P:AutumnBox.Basic.Executer.Output.LineError">
            <summary>
            所有的标准错误
            </summary>
        </member>
        <member name="P:AutumnBox.Basic.Executer.Output.All">
            <summary>
            所有的输出
            </summary>
        </member>
        <member name="P:AutumnBox.Basic.Executer.Output.Out">
            <summary>
            所有的标准输出
            </summary>
        </member>
        <member name="P:AutumnBox.Basic.Executer.Output.Error">
            <summary>
            所有的标准错误
            </summary>
        </member>
        <member name="M:AutumnBox.Basic.Executer.Output.Contains(System.String,System.Boolean)">
            <summary>
            判断输出中是否包含某段字符串
            </summary>
            <param name="str">字符串</param>
            <param name="ignoreCase">是否忽略大小写</param>
            <returns></returns>
        </member>
        <member name="M:AutumnBox.Basic.Executer.Output.ToString">
            <summary>
            获取完整的输出数据
            </summary>
            <returns></returns>
        </member>
        <member name="M:AutumnBox.Basic.Executer.Output.#ctor">
            <summary>
            构建一个空的Output对象
            </summary>
        </member>
        <member name="M:AutumnBox.Basic.Executer.Output.#ctor(System.String,System.String,System.String)">
            <summary>
            构建
            </summary>
            <param name="all">所有内容</param>
            <param name="stdOutput">标准输出</param>
            <param name="stdError">标准错误</param>
        </member>
        <member name="M:AutumnBox.Basic.Executer.Output.PrintOnLog(System.Boolean)">
            <summary>
            打印在Log里
            </summary>
            <param name="printOnRelease"></param>
        </member>
        <member name="M:AutumnBox.Basic.Executer.Output.PrintOnConsole">
            <summary>
            打印在控制台
            </summary>
        </member>
        <member name="T:AutumnBox.Basic.Executer.Command">
            <summary>
            封装命令的对象
            </summary>
        </member>
        <member name="P:AutumnBox.Basic.Executer.Command.FileName">
            <summary>
            文件名
            </summary>
        </member>
        <member name="P:AutumnBox.Basic.Executer.Command.Args">
            <summary>
            参数
            </summary>
        </member>
        <member name="P:AutumnBox.Basic.Executer.Command.ArgArray">
            <summary>
            参数数组
            </summary>
        </member>
        <member name="M:AutumnBox.Basic.Executer.Command.#ctor">
            <summary>
            仅限使用方法进行构建
            </summary>
        </member>
        <member name="M:AutumnBox.Basic.Executer.Command.MakeForCmd(System.String)">
            <summary>
            构建一个使用cmd.exe运行的命令
            </summary>
            <param name="command"></param>
            <returns>命令对象</returns>
        </member>
        <member name="M:AutumnBox.Basic.Executer.Command.MakeForAdb(System.String)">
            <summary>
            构建一个使用adb.exe运行的命令
            </summary>
            <param name="command"></param>
            <returns>命令对象</returns>
        </member>
        <member name="M:AutumnBox.Basic.Executer.Command.MakeForAdb(AutumnBox.Basic.Device.DeviceSerialNumber,System.String)">
            <summary>
            构建一个使用adb.exe运行的命令,并且这个命令指定了设备
            </summary>
            <param name="_serial">设备序列号</param>
            <param name="command">命令</param>
            <returns>命令对象</returns>
        </member>
        <member name="M:AutumnBox.Basic.Executer.Command.MakeForFastboot(System.String)">
            <summary>
            构建一个使用fastboot.exe运行的命令
            </summary>
            <param name="command">命令</param>
            <returns>命令对象</returns>
        </member>
        <member name="M:AutumnBox.Basic.Executer.Command.MakeForFastboot(AutumnBox.Basic.Device.DeviceSerialNumber,System.String)">
            <summary>
            构建一个使用fastboot.exe运行的命令,并且这个命令指定了设备
            </summary>
            <param name="_serial">设备序列号</param>
            <param name="command"></param>
            <returns>命令对象</returns>
        </member>
        <member name="M:AutumnBox.Basic.Executer.Command.MakeForCustom(System.String,System.String)">
            <summary>
            构建一个完全自定义的命令对象
            </summary>
            <param name="fileName">程序文件名</param>
            <param name="args">参数</param>
            <returns>命令对象</returns>
        </member>
        <member name="M:AutumnBox.Basic.Executer.Command.MakeForCustom(System.String,System.String[])">
            <summary>
            构建一个完全自定义的命令对象
            </summary>
            <param name="fileName">程序文件名</param>
            <param name="args">参数</param>
            <returns>命令对象</returns>
        </member>
        <member name="T:AutumnBox.Basic.Loader">
            <summary>
            加载器
            </summary>
        </member>
        <member name="M:AutumnBox.Basic.Loader.Load">
            <summary>
            加载AuutmnBox.Basic
            </summary>
        </member>
        <member name="T:AutumnBox.Basic.Util.ForwardInfo">
            <summary>
            转发信息结构体
            </summary>
        </member>
        <member name="P:AutumnBox.Basic.Util.ForwardInfo.DeviceSerial">
            <summary>
            设备
            </summary>
        </member>
        <member name="P:AutumnBox.Basic.Util.ForwardInfo.Local">
            <summary>
            本地端口
            </summary>
        </member>
        <member name="P:AutumnBox.Basic.Util.ForwardInfo.Remote">
            <summary>
             本地端口所转发的设备端口
            </summary>
        </member>
        <member name="M:AutumnBox.Basic.Util.ForwardInfo.#ctor(AutumnBox.Basic.Device.DeviceSerialNumber,System.UInt16,System.UInt16)">
            <summary>
            构造
            </summary>
            <param name="device"></param>
            <param name="local"></param>
            <param name="remote"></param>
        </member>
        <member name="T:AutumnBox.Basic.Util.ForwardManager">
            <summary>
            端口转发管理器
            </summary>
        </member>
        <member name="M:AutumnBox.Basic.Util.ForwardManager.RemoveAllForward">
            <summary>
            移除所有的转发
            </summary>
        </member>
        <member name="M:AutumnBox.Basic.Util.ForwardManager.Remove(System.UInt16)">
            <summary>
            根据本地端口移除一个转发
            </summary>
            <param name="localPort"></param>
        </member>
        <member name="M:AutumnBox.Basic.Util.ForwardManager.GetAllForward(AutumnBox.Basic.Device.DeviceSerialNumber)">
            <summary>
            获取所有的端口转发信息
            </summary>
            <param name="device"></param>
            <returns></returns>
        </member>
        <member name="M:AutumnBox.Basic.Util.ForwardManager.Forward(AutumnBox.Basic.Device.DeviceSerialNumber,System.UInt16,System.UInt16)">
            <summary>
            进行转发,不建议外部进行调用,建议使用GetForwardByRemotePort() 有效避免端口浪费
            </summary>
            <param name="device">设备</param>
            <param name="localPort">本地端口</param>
            <param name="remotePort">远程端口</param>
        </member>
        <member name="M:AutumnBox.Basic.Util.ForwardManager.GetForwardByRemotePort(AutumnBox.Basic.Device.DeviceSerialNumber,System.UInt16)">
            <summary>
            获取一个对远端设备的某个端口的本地转发端口
            </summary>
            <param name="device">设备</param>
            <param name="remotePort">需要被转发的远程`端口</param>
            <returns></returns>
        </member>
        <member name="M:AutumnBox.Basic.Util.ForwardManager.GetIdlePort">
            <summary>
            获取一个空闲的端口
            </summary>
            <returns></returns>
        </member>
        <member name="M:AutumnBox.Basic.Util.ForwardManager.IsIdlePort(System.UInt16)">
            <summary>
            判断端口是否空闲
            </summary>
            <param name="portNum"></param>
            <returns></returns>
        </member>
        <member name="T:AutumnBox.Basic.Util.AdbConstants">
            <summary>
            与ADB相关的一些硬编码值
            </summary>
        </member>
        <member name="F:AutumnBox.Basic.Util.AdbConstants.ADB_FILENAME">
            <summary>
            adb应用程序名
            </summary>
        </member>
        <member name="F:AutumnBox.Basic.Util.AdbConstants.FASTBOOT_FILENAME">
            <summary>
            fastboot应用程序名
            </summary>
        </member>
        <member name="F:AutumnBox.Basic.Util.AdbConstants.toolsPath">
            <summary>
            工具的相对路径
            </summary>
        </member>
        <member name="P:AutumnBox.Basic.Util.AdbConstants.FullAdbFileName">
            <summary>
            完整的adb工具相对路径
            </summary>
        </member>
        <member name="P:AutumnBox.Basic.Util.AdbConstants.FullFastbootFileName">
            <summary>
            完整的fastboot工具相对路径
            </summary>
        </member>
        <member name="T:AutumnBox.Basic.Util.IPrintable">
            <summary>
            实现此接口,可调用方法来打印信息
            </summary>
        </member>
        <member name="M:AutumnBox.Basic.Util.IPrintable.PrintOnLog(System.Boolean)">
            <summary>
            打印到log
            </summary>
            <param name="printOnRelease"></param>
        </member>
        <member name="M:AutumnBox.Basic.Util.IPrintable.PrintOnConsole">
            <summary>
            打印到控制台
            </summary>
        </member>
        <member name="T:AutumnBox.Basic.Util.LinuxReturnCode">
            <summary>
            Linux执行返回码
            </summary>
        </member>
        <member name="F:AutumnBox.Basic.Util.LinuxReturnCode.None">
            <summary>
            没事
            </summary>
        </member>
        <member name="F:AutumnBox.Basic.Util.LinuxReturnCode.Error">
            <summary>
            错误
            </summary>
        </member>
        <member name="F:AutumnBox.Basic.Util.LinuxReturnCode.KeyHasExpired">
            <summary>
            KeyHasExpired
            </summary>
        </member>
        <member name="F:AutumnBox.Basic.Util.LinuxReturnCode.Unknow">
            <summary>
            未知
            </summary>
        </member>
        <member name="M:AutumnBox.Basic.Util.NativeMethods.InstallHinfSection(System.IntPtr,System.IntPtr,System.String,System.Int32)">
            <summary>
            调用Setupapi.dll安装驱动
            </summary>
            <param name="hwnd"></param>
            <param name="ModuleHandle"></param>
            <param name="CmdLineBuffer"></param>
            <param name="nCmdShow"></param>
        </member>
        <member name="T:AutumnBox.Basic.FlowFramework.INoGenericFlow">
            <summary>
            去除了所有泛型特征的FunctionFlow接口
            </summary>
        </member>
        <member name="P:AutumnBox.Basic.FlowFramework.INoGenericFlow.IsClosed">
             <summary>
            是否已关闭
             </summary>
        </member>
        <member name="P:AutumnBox.Basic.FlowFramework.INoGenericFlow.MustTiggerAnyFinishedEvent">
            <summary>
            是否必须触发AnyFinished事件
            </summary>
        </member>
        <member name="M:AutumnBox.Basic.FlowFramework.INoGenericFlow.RunAsync">
            <summary>
            异步运行
            </summary>
        </member>
        <member name="T:AutumnBox.Basic.FlowFramework.FunctionFlow">
            <summary>
            默认参数和默认结果类型的功能流程类
            </summary>
        </member>
        <member name="T:AutumnBox.Basic.FlowFramework.FunctionFlow`1">
            <summary>
            自定义参数和默认结果类型的功能流程类
            </summary>
            <typeparam name="TArgs">泛型参数</typeparam>
        </member>
        <member name="T:AutumnBox.Basic.FlowFramework.FunctionFlowBase">
            <summary>
            所有FunctionFlow的基类
            </summary>
        </member>
        <member name="E:AutumnBox.Basic.FlowFramework.FunctionFlowBase.AnyFinished">
            <summary>
            任何的FunctionFlow执行完都会调用
            调用条件 flow.MustTriggerAnyFinished or (flow.Finished ==null || flow._isSync)
            </summary>
        </member>
        <member name="M:AutumnBox.Basic.FlowFramework.FunctionFlowBase.RisesAnyFinishedEvent(System.Object,AutumnBox.Basic.FlowFramework.FinishedEventArgs{AutumnBox.Basic.FlowFramework.FlowResult})">
            <summary>
            触发"任何一个功能流程完成"的事件
            </summary>
            <param name="sender"></param>
            <param name="e"></param>
        </member>
        <member name="T:AutumnBox.Basic.FlowFramework.FlowArgs">
            <summary>
            功能流程的参数,任何功能流程的参数都要直接使用或继承自此类
            </summary>
        </member>
        <member name="P:AutumnBox.Basic.FlowFramework.FlowArgs.Serial">
            <summary>
            目标设备序列号
            </summary>
        </member>
        <member name="P:AutumnBox.Basic.FlowFramework.FlowArgs.DevBasicInfo">
            <summary>
            指定设备的信息
            </summary>
        </member>
        <member name="T:AutumnBox.Basic.FlowFramework.CheckResult">
            <summary>
            FunctionFlow检查函数返回结果
            </summary>
        </member>
        <member name="F:AutumnBox.Basic.FlowFramework.CheckResult.OK">
            <summary>
            没问题
            </summary>
        </member>
        <member name="F:AutumnBox.Basic.FlowFramework.CheckResult.Error">
            <summary>
            错误
            </summary>
        </member>
        <member name="F:AutumnBox.Basic.FlowFramework.CheckResult.Unfinish">
            <summary>
            功能流程未完成
            </summary>
        </member>
        <member name="F:AutumnBox.Basic.FlowFramework.CheckResult.ArgError">
            <summary>
            参数错误
            </summary>
        </member>
        <member name="F:AutumnBox.Basic.FlowFramework.CheckResult.UnknowError">
            <summary>
            未知错误
            </summary>
        </member>
        <member name="F:AutumnBox.Basic.FlowFramework.CheckResult.DeviceStateError">
            <summary>
            设备状态错误
            </summary>
        </member>
        <member name="F:AutumnBox.Basic.FlowFramework.CheckResult.DeviceSerialError">
            <summary>
            设备序列号错误
            </summary>
        </member>
        <member name="T:AutumnBox.Basic.FlowFramework.ICompletable">
            <summary>
            实现这个结构的任何东西将可以通知结束运行以及被结束运行的
            </summary>
        </member>
        <member name="E:AutumnBox.Basic.FlowFramework.ICompletable.NoArgFinished">
            <summary>
            仅仅只有通知功能流程已结束一个功能的事件
            </summary>
        </member>
        <member name="T:AutumnBox.Basic.FlowFramework.ResultType">
            <summary>
            FunctionFlow执行完后的结果类型
            </summary>
        </member>
        <member name="F:AutumnBox.Basic.FlowFramework.ResultType.Exception">
            <summary>
            异常
            </summary>
        </member>
        <member name="F:AutumnBox.Basic.FlowFramework.ResultType.Successful">
            <summary>
            成功
            </summary>
        </member>
        <member name="F:AutumnBox.Basic.FlowFramework.ResultType.MaybeSuccessful">
            <summary>
            可能成功
            </summary>
        </member>
        <member name="F:AutumnBox.Basic.FlowFramework.ResultType.MaybeUnsuccessful">
            <summary>
            可能不成功
            </summary>
        </member>
        <member name="F:AutumnBox.Basic.FlowFramework.ResultType.Unsuccessful">
            <summary>
            不成功
            </summary>
        </member>
        <member name="T:AutumnBox.Basic.FlowFramework.FinishedEventHandler`1">
            <summary>
            功能流程结束时的事件处理器函数
            </summary>
            <typeparam name="TResult">泛型的结果</typeparam>
            <param name="sender">事件发送者</param>
            <param name="e">参数</param>
        </member>
        <member name="T:AutumnBox.Basic.FlowFramework.FinishedEventArgs`1">
            <summary>
            功能流程结束时的事件处理器函数的参数
            </summary>
            <typeparam name="TResult"></typeparam>
        </member>
        <member name="P:AutumnBox.Basic.FlowFramework.FinishedEventArgs`1.Result">
            <summary>
            泛型的结果
            </summary>
        </member>
        <member name="M:AutumnBox.Basic.FlowFramework.FinishedEventArgs`1.#ctor(`0)">
            <summary>
            构造
            </summary>
            <param name="result"></param>
        </member>
        <member name="T:AutumnBox.Basic.FlowFramework.StartupEventHandler">
            <summary>
            当功能流程启动时触发的事件委托
            </summary>
            <param name="sender"></param>
            <param name="e"></param>
        </member>
        <member name="T:AutumnBox.Basic.FlowFramework.StartupEventArgs">
            <summary>
            当功能流程启动时触发的事件委托的参数
            </summary>
        </member>
        <member name="T:AutumnBox.Basic.FlowFramework.FunctionFlow`2">
            <summary>
            功能流程基类
            </summary>
            <typeparam name="TArgs"></typeparam>
            <typeparam name="TResult"></typeparam>
        </member>
        <member name="E:AutumnBox.Basic.FlowFramework.FunctionFlow`2.Startup">
            <summary>
            当主流程即将执行时触发
            </summary>
        </member>
        <member name="E:AutumnBox.Basic.FlowFramework.FunctionFlow`2.Finished">
            <summary>
            当全部流程结束时触发
            </summary>
        </member>
        <member name="E:AutumnBox.Basic.FlowFramework.FunctionFlow`2.OutputReceived">
            <summary>
            当有标准输出产生时触发
            </summary>
        </member>
        <member name="E:AutumnBox.Basic.FlowFramework.FunctionFlow`2.ProcessStarted">
            <summary>
            当流程内部的主要外部进程开始时触发
            </summary>
        </member>
        <member name="E:AutumnBox.Basic.FlowFramework.FunctionFlow`2.NoArgFinished">
            <summary>
            没有任何特殊参数的结束事件
            </summary>
        </member>
        <member name="P:AutumnBox.Basic.FlowFramework.FunctionFlow`2.IsClosed">
            <summary>
            这个FunctionFlow是否被关闭,只有流程正在进行或结束后为True
            </summary>
        </member>
        <member name="P:AutumnBox.Basic.FlowFramework.FunctionFlow`2.MustTiggerAnyFinishedEvent">
            <summary>
            是否必须触发AnyFinished,通常情况下,如果Finished被绑定了,就不会触发AnyFinished
            </summary>
        </member>
        <member name="M:AutumnBox.Basic.FlowFramework.FunctionFlow`2.#ctor">
            <summary>
            构建
            </summary>
        </member>
        <member name="M:AutumnBox.Basic.FlowFramework.FunctionFlow`2.Init(`0)">
            <summary>
            初始化参数,只可以调用一次
            </summary>
            <param name="args"></param>
        </member>
        <member name="F:AutumnBox.Basic.FlowFramework.FunctionFlow`2._isSync">
            <summary>
            当前Flow是否是同步执行的
            </summary>
        </member>
        <member name="M:AutumnBox.Basic.FlowFramework.FunctionFlow`2.RunAsync">
            <summary>
            异步执行这个FunctionFlow
            </summary>
        </member>
        <member name="M:AutumnBox.Basic.FlowFramework.FunctionFlow`2.RunAsync(`0)">
            <summary>
            设置参数并且异步执行这个FunctionFlow
            </summary>
            <param name="args"></param>
        </member>
        <member name="M:AutumnBox.Basic.FlowFramework.FunctionFlow`2.Run(`0)">
            <summary>
            设置参数同步执行
            </summary>
            <param name="args"></param>
            <returns></returns>
        </member>
        <member name="M:AutumnBox.Basic.FlowFramework.FunctionFlow`2.Run">
            <summary>
            同步执行
            </summary>
            <returns></returns>
        </member>
        <member name="M:AutumnBox.Basic.FlowFramework.FunctionFlow`2.ForceStop">
            <summary>
            强制停止这个FunctionFlow
            </summary>
        </member>
        <member name="M:AutumnBox.Basic.FlowFramework.FunctionFlow`2.GetStoper">
            <summary>
            获取这个FuntionFlow的停止器
            </summary>
            <returns></returns>
        </member>
        <member name="M:AutumnBox.Basic.FlowFramework.FunctionFlow`2.Dispose">
            <summary>
            析构将会调用ForceStop
            </summary>
        </member>
        <member name="M:AutumnBox.Basic.FlowFramework.FunctionFlow`2.Initialization(`0)">
            <summary>
            当外部调用Init时,内部调用此函数
            </summary>
            <param name="moduleArgs"></param>
        </member>
        <member name="M:AutumnBox.Basic.FlowFramework.FunctionFlow`2.Check(`0)">
            <summary>
            在初始化后调用,在执行前进行检查,默认返回OK
            </summary>
            <param name="args"></param>
            <returns></returns>
        </member>
        <member name="M:AutumnBox.Basic.FlowFramework.FunctionFlow`2.OnStartup(AutumnBox.Basic.FlowFramework.StartupEventArgs)">
            <summary>
            在MainMethod执行前调用
            </summary>
            <param name="e"></param>
        </member>
        <member name="M:AutumnBox.Basic.FlowFramework.FunctionFlow`2.MainMethod(AutumnBox.Basic.FlowFramework.ToolKit{`0})">
            <summary>
            功能流程的核心函数,所有的操作都必须在这里完成
            </summary>
            <param name="toolKit">工具箱</param>
            <returns></returns>
        </member>
        <member name="M:AutumnBox.Basic.FlowFramework.FunctionFlow`2.OnOutputReceived(AutumnBox.Basic.Executer.OutputReceivedEventArgs)">
            <summary>
            当接收到标准输出或标准错误时调用
            </summary>
            <param name="e"></param>
        </member>
        <member name="M:AutumnBox.Basic.FlowFramework.FunctionFlow`2.OnProcessStarted(AutumnBox.Basic.Executer.ProcessStartedEventArgs)">
            <summary>
            当toolKit.Executer中的核心进程启动时调用
            </summary>
            <param name="e"></param>
        </member>
        <member name="M:AutumnBox.Basic.FlowFramework.FunctionFlow`2.AnalyzeResult(`1)">
            <summary>
            处理执行结果,在MainMethod执行完成后调用,如有需要,请重写这个函数
            </summary>
            <param name="result"></param>
        </member>
        <member name="M:AutumnBox.Basic.FlowFramework.FunctionFlow`2.OnFinished(AutumnBox.Basic.FlowFramework.FinishedEventArgs{`1})">
            <summary>
            在AnalyzeResult之后,也就是功能流程正式结束时调用
            </summary>
            <param name="e"></param>
        </member>
        <member name="T:AutumnBox.Basic.FlowFramework.FlowResult">
            <summary>
            功能流程的执行结果,所有功能流程的泛型执行结果类都要继承自此类
            </summary>
        </member>
        <member name="P:AutumnBox.Basic.FlowFramework.FlowResult.CheckResult">
            <summary>
            运行前检查的结果
            </summary>
        </member>
        <member name="P:AutumnBox.Basic.FlowFramework.FlowResult.OutputData">
            <summary>
            运行时产生的标准输出,标准错误
            </summary>
        </member>
        <member name="P:AutumnBox.Basic.FlowFramework.FlowResult.ResultType">
            <summary>
            执行的结果
            </summary>
        </member>
        <member name="P:AutumnBox.Basic.FlowFramework.FlowResult.Exception">
            <summary>
            导致功能流程执行失败的异常(正常情况下为null)
            </summary>
        </member>
        <member name="T:AutumnBox.Basic.FlowFramework.ToolKit`1">
            <summary>
            FunctionFlow工具箱,主要在FuntionFlow.MainMethod使用
            </summary>
            <typeparam name="TArgs"></typeparam>
        </member>
        <member name="F:AutumnBox.Basic.FlowFramework.ToolKit`1.Ae">
            <summary>
            调用工具箱内的Executer向绑定的设备执行Adb命令并且返回执行结果
            </summary>
        </member>
        <member name="F:AutumnBox.Basic.FlowFramework.ToolKit`1.Fe">
            <summary>
            调用工具箱内的Executer向绑定的设备执行Fastboot命令并且返回执行结果
            </summary>
        </member>
        <member name="F:AutumnBox.Basic.FlowFramework.ToolKit`1.Executer">
            <summary>
            执行器
            </summary>
        </member>
        <member name="F:AutumnBox.Basic.FlowFramework.ToolKit`1.Args">
            <summary>
            具体的参数,参数类型由所属的FunctionFlow决定
            </summary>
        </member>
        <member name="M:AutumnBox.Basic.FlowFramework.ToolKit`1.#ctor(`0,AutumnBox.Basic.Executer.CommandExecuter)">
            <summary>
            构造工具箱
            </summary>
            <param name="args"></param>
            <param name="executer"></param>
        </member>
        <member name="T:AutumnBox.Basic.FlowFramework.IForceStoppable">
            <summary>
            可被强制停止的
            </summary>
        </member>
        <member name="M:AutumnBox.Basic.FlowFramework.IForceStoppable.ForceStop">
            <summary>
            强制停止
            </summary>
        </member>
        <member name="T:AutumnBox.Basic.FlowFramework.Stoper">
            <summary>
            FunctionFlow终止器
            </summary>
        </member>
        <member name="M:AutumnBox.Basic.FlowFramework.Stoper.#ctor(AutumnBox.Basic.FlowFramework.IForceStoppable)">
            <summary>
            构建
            </summary>
            <param name="obj"></param>
        </member>
        <member name="M:AutumnBox.Basic.FlowFramework.Stoper.ForceStop">
            <summary>
            停止
            </summary>
        </member>
        <member name="T:AutumnBox.Basic.MultipleDevices.DevicesGetter">
            <summary>
            当前已连接设备获取器
            </summary>
        </member>
        <member name="M:AutumnBox.Basic.MultipleDevices.DevicesGetter.GetDevices">
            <summary>
            获取已连接的设备
            </summary>
            <returns></returns>
        </member>
        <member name="T:AutumnBox.Basic.MultipleDevices.IDevicesGetter">
            <summary>
            似乎没什么用处的接口,定义着玩的
            </summary>
        </member>
        <member name="M:AutumnBox.Basic.MultipleDevices.IDevicesGetter.GetDevices">
            <summary>
            获取设备
            </summary>
            <returns></returns>
        </member>
        <member name="T:AutumnBox.Basic.MultipleDevices.DevicesList">
            <summary>
            设备列表
            </summary>
        </member>
        <member name="M:AutumnBox.Basic.MultipleDevices.DevicesList.Contains(AutumnBox.Basic.Device.DeviceSerialNumber)">
            <summary>
            检查设备列表是否包含某台设备
            </summary>
            <param name="serial"></param>
            <returns></returns>
        </member>
        <member name="M:AutumnBox.Basic.MultipleDevices.DevicesList.op_Addition(AutumnBox.Basic.MultipleDevices.DevicesList,AutumnBox.Basic.MultipleDevices.DevicesList)">
            <summary>
            将设备列表进行合并
            </summary>
            <param name="left"></param>
            <param name="right"></param>
            <returns></returns>
        </member>
        <member name="M:AutumnBox.Basic.MultipleDevices.DevicesList.op_Equality(AutumnBox.Basic.MultipleDevices.DevicesList,AutumnBox.Basic.MultipleDevices.DevicesList)">
            <summary>
            判断两个设备列表的内容是否一致
            </summary>
            <param name="left"></param>
            <param name="right"></param>
            <returns></returns>
        </member>
        <member name="M:AutumnBox.Basic.MultipleDevices.DevicesList.op_Inequality(AutumnBox.Basic.MultipleDevices.DevicesList,AutumnBox.Basic.MultipleDevices.DevicesList)">
            <summary>
            判断两个设备列表的内容是否不一致
            </summary>
            <param name="left"></param>
            <param name="right"></param>
            <returns></returns>
        </member>
        <member name="M:AutumnBox.Basic.MultipleDevices.DevicesList.Equals(AutumnBox.Basic.MultipleDevices.DevicesList)">
            <summary>
            判断列表内容是否一致
            </summary>
            <param name="other"></param>
            <returns></returns>
        </member>
        <member name="M:AutumnBox.Basic.MultipleDevices.DevicesList.Equals(System.Object)">
            <summary>
            判断内容是否一致
            </summary>
            <param name="obj"></param>
            <returns></returns>
        </member>
        <member name="T:AutumnBox.Basic.MultipleDevices.DevicesChangedHandler">
            <summary>
            当连接设备拔插时的触发的事件
            </summary>
            <param name="sender"></param>
            <param name="e"></param>
        </member>
        <member name="T:AutumnBox.Basic.MultipleDevices.DevicesChangedEventArgs">
            <summary>
            连接设备变化的事件的参数
            </summary>
        </member>
        <member name="P:AutumnBox.Basic.MultipleDevices.DevicesChangedEventArgs.DevicesList">
            <summary>
            已连接设备列表
            </summary>
        </member>
        <member name="T:AutumnBox.Basic.MultipleDevices.DevicesMonitor">
            <summary>
            设备拔插监视器
            </summary>
        </member>
        <member name="E:AutumnBox.Basic.MultipleDevices.DevicesMonitor.DevicesChanged">
            <summary>
            设备拔插时发生
            </summary>
        </member>
        <member name="M:AutumnBox.Basic.MultipleDevices.DevicesMonitor.Begin">
            <summary>
            开始监视
            </summary>
        </member>
        <member name="M:AutumnBox.Basic.MultipleDevices.DevicesMonitor.Stop">
            <summary>
            停止/暂停监视
            </summary>
        </member>
        <member name="T:AutumnBox.Basic.MultipleDevices.DevicesMonitor.DevicesMonitorCore">
            <summary>
            完全静态类很不OOP,所以....
            </summary>
        </member>
        <member name="T:AutumnBox.Basic.Adb.AdbHelper">
            <summary>
            ADB帮助(管理)
            </summary>
        </member>
        <member name="E:AutumnBox.Basic.Adb.AdbHelper.AdbServerStartsFailed">
            <summary>
            当ADB服务器失败时触发
            </summary>
        </member>
        <member name="M:AutumnBox.Basic.Adb.AdbHelper.RisesAdbServerStartsFailedEvent">
            <summary>
            触发adb服务失败事件
            </summary>
        </member>
        <member name="M:AutumnBox.Basic.Adb.AdbHelper.KillAllAdbProcess">
            <summary>
            杀死所有ADB进程
            </summary>
        </member>
        <member name="M:AutumnBox.Basic.Adb.AdbHelper.StartServer">
            <summary>
            启动ADB服务
            </summary>
            <returns></returns>
        </member>
        <member name="M:AutumnBox.Basic.Adb.AdbHelper.StopServer">
            <summary>
            关闭ADB服务
            </summary>
            <returns></returns>
        </member>
        <member name="M:AutumnBox.Basic.Adb.AdbHelper.RestartServer">
            <summary>
            重启ADB服务
            </summary>
            <returns></returns>
        </member>
    </members>
</doc>
