<?xml version="1.0"?>
<doc>
    <assembly>
        <name>AutumnBox.Basic.Flows</name>
    </assembly>
    <members>
        <member name="T:AutumnBox.Basic.Flows.AirForzenActivator">
            <summary>
            空调狗激活器
            </summary>
        </member>
        <member name="F:AutumnBox.Basic.Flows.AirForzenActivator.AppPackageName">
            <summary>
            空调狗包名
            </summary>
        </member>
        <member name="P:AutumnBox.Basic.Flows.AirForzenActivator.PackageName">
            <summary>
            包名
            </summary>
        </member>
        <member name="P:AutumnBox.Basic.Flows.AirForzenActivator.ClassName">
            <summary>
            空调狗接收器类名
            </summary>
        </member>
        <member name="M:AutumnBox.Basic.Flows.DeviceImageExtractor.AnalyzeResult(AutumnBox.Basic.FlowFramework.FlowResult)">
            <summary>
            处理结果
            </summary>
            <param name="result"></param>
        </member>
        <member name="T:AutumnBox.Basic.Flows.DeviceOwnerSetter">
            <summary>
            设备管理员设置器
            </summary>
        </member>
        <member name="P:AutumnBox.Basic.Flows.DeviceOwnerSetter.PackageName">
            <summary>
            要设置DeviceOwner的包名
            </summary>
        </member>
        <member name="P:AutumnBox.Basic.Flows.DeviceOwnerSetter.ClassName">
            <summary>
            要设置DeviceOwner的包的类名
            </summary>
        </member>
        <member name="P:AutumnBox.Basic.Flows.DeviceOwnerSetter.Command">
            <summary>
            具体的指令
            </summary>
        </member>
        <member name="P:AutumnBox.Basic.Flows.DeviceOwnerSetter.NeedReboot">
            <summary>
            执行完毕是否需要重启
            </summary>
        </member>
        <member name="T:AutumnBox.Basic.Flows.MiFlash.LineFlashPackageParser">
            <summary>
            线刷包文件夹解析器
            </summary>
        </member>
        <member name="T:AutumnBox.Basic.Flows.Result.AdvanceResult">
            <summary>
            高级结果
            </summary>
        </member>
        <member name="P:AutumnBox.Basic.Flows.Result.AdvanceResult.IsSuccess">
            <summary>
            根据返回码判断是否成功
            </summary>
        </member>
        <member name="P:AutumnBox.Basic.Flows.Result.AdvanceResult.ExitCode">
            <summary>
            返回码
            </summary>
        </member>
        <member name="T:AutumnBox.Basic.Flows.States.DeviceOwnerSetterErrType">
            <summary>
            设备管理员设置器执行结果的错误类型
            </summary>
        </member>
        <member name="F:AutumnBox.Basic.Flows.States.DeviceOwnerSetterErrType.None">
            <summary>
            没有错误
            </summary>
        </member>
        <member name="F:AutumnBox.Basic.Flows.States.DeviceOwnerSetterErrType.ServalAccountsOnTheDevice">
            <summary>
            账户没删除干净
            </summary>
        </member>
        <member name="F:AutumnBox.Basic.Flows.States.DeviceOwnerSetterErrType.ServalUserOnTheDevice">
            <summary>
            多用户没删除干净||应用双开没删干净||访客模式没关掉
            </summary>
        </member>
        <member name="F:AutumnBox.Basic.Flows.States.DeviceOwnerSetterErrType.DeviceAlreadyProvisioned">
            <summary>
            这个是啥错误来着忘了,但是可以修复
            </summary>
        </member>
        <member name="F:AutumnBox.Basic.Flows.States.DeviceOwnerSetterErrType.DeviceOwnerIsAlreadySet">
            <summary>
            已设定设备所有者
            </summary>
        </member>
        <member name="F:AutumnBox.Basic.Flows.States.DeviceOwnerSetterErrType.MIUIUsbSecError">
            <summary>
            MIUI下才会出现的问题,开启USB调试的安全设置即可!
            </summary>
        </member>
        <member name="F:AutumnBox.Basic.Flows.States.DeviceOwnerSetterErrType.UnknowAdmin">
            <summary>
            压根没装这软件!
            </summary>
        </member>
    </members>
</doc>
