<?xml version="1.0"?>
<doc>
    <assembly>
        <name>AutumnBox.OpenFramework</name>
    </assembly>
    <members>
        <member name="T:AutumnBox.OpenFramework.Context">
            <summary>
            AutumnBox开放框架上下文
            </summary>
        </member>
        <member name="P:AutumnBox.OpenFramework.Context.Tag">
            <summary>
            标签,主要用于打log
            </summary>
        </member>
        <member name="M:AutumnBox.OpenFramework.Context.GetPermissionLevel">
            <summary>
            获取权限级别
            </summary>
            <returns></returns>
        </member>
        <member name="M:AutumnBox.OpenFramework.Context.PermissionCheck(AutumnBox.OpenFramework.ContextPermissionLevel)">
            <summary>
            权限自检
            </summary>
            <exception cref="T:AutumnBox.OpenFramework.Internal.AccessDeniedException">如果权限不足,将抛出异常</exception>
            <param name="minLevel"></param>
        </member>
        <member name="T:AutumnBox.OpenFramework.ContextPermissionLevel">
            <summary>
            Context权限等级
            </summary>
        </member>
        <member name="F:AutumnBox.OpenFramework.ContextPermissionLevel.Low">
            <summary>
            最低权限
            </summary>
        </member>
        <member name="F:AutumnBox.OpenFramework.ContextPermissionLevel.Mid">
            <summary>
            中等权限
            </summary>
        </member>
        <member name="F:AutumnBox.OpenFramework.ContextPermissionLevel.High">
            <summary>
            最高权限
            </summary>
        </member>
        <member name="T:AutumnBox.OpenFramework.Extension.IAutumnBoxExtension">
            <summary>
            设计中
            </summary>
        </member>
        <member name="T:AutumnBox.OpenFramework.Extension.AutumnBoxExtension">
            <summary>
            AutumnBox 拓展模块抽象类
            </summary>
        </member>
        <member name="P:AutumnBox.OpenFramework.Extension.AutumnBoxExtension.Tag">
            <summary>
            标签,用于打LOG
            </summary>
        </member>
        <member name="P:AutumnBox.OpenFramework.Extension.AutumnBoxExtension.Name">
            <summary>
            拓展名,强制要求覆写此属性
            </summary>
        </member>
        <member name="P:AutumnBox.OpenFramework.Extension.AutumnBoxExtension.Auth">
            <summary>
            开发者信息,覆写此属性以自定义
            </summary>
        </member>
        <member name="P:AutumnBox.OpenFramework.Extension.AutumnBoxExtension.ContactMail">
            <summary>
            联系邮箱,覆写此属性以自定义
            </summary>
        </member>
        <member name="P:AutumnBox.OpenFramework.Extension.AutumnBoxExtension.Description">
            <summary>
            说明,覆写此属性以自定义
            </summary>
        </member>
        <member name="P:AutumnBox.OpenFramework.Extension.AutumnBoxExtension.RequiredDeviceState">
            <summary>
            所需设备状态,覆写此属性以自定义
            </summary>
        </member>
        <member name="P:AutumnBox.OpenFramework.Extension.AutumnBoxExtension.Version">
            <summary>
            版本号,覆写此属性以自定义版本号
            </summary>
        </member>
        <member name="M:AutumnBox.OpenFramework.Extension.AutumnBoxExtension.Log(System.String)">
            <summary>
            打LOG
            </summary>
            <param name="message"></param>
        </member>
        <member name="M:AutumnBox.OpenFramework.Extension.AutumnBoxExtension.RunOnUIThread(System.Action)">
            <summary>
            在UI线程运行代码
            </summary>
            <param name="act"></param>
        </member>
        <member name="M:AutumnBox.OpenFramework.Extension.AutumnBoxExtension.InitAndCheck(AutumnBox.OpenFramework.Extension.InitArgs)">
            <summary>
            模块初始化时调用
            </summary>
            <param name="args"></param>
        </member>
        <member name="M:AutumnBox.OpenFramework.Extension.AutumnBoxExtension.OnStartCommand(AutumnBox.OpenFramework.Extension.StartArgs)">
            <summary>
            当用户点击运行按钮时将调用此方法
            </summary>
            <param name="args"></param>
        </member>
        <member name="M:AutumnBox.OpenFramework.Extension.AutumnBoxExtension.OnStopCommand(AutumnBox.OpenFramework.Extension.StopArgs)">
            <summary>
            当用户发出停止请求时调用
            </summary>
        </member>
        <member name="M:AutumnBox.OpenFramework.Extension.AutumnBoxExtension.OnFinished">
            <summary>
            当OnStartCommand()函数运行完成时调用
            </summary>
        </member>
        <member name="M:AutumnBox.OpenFramework.Extension.AutumnBoxExtension.OnDestory(AutumnBox.OpenFramework.Extension.DestoryArgs)">
            <summary>
            当模块被管理器释放时调用
            </summary>
            <param name="args"></param>
        </member>
        <member name="T:AutumnBox.OpenFramework.Extension.InitArgs">
            <summary>
            初始化时的参数
            </summary>
        </member>
        <member name="T:AutumnBox.OpenFramework.Extension.StartArgs">
            <summary>
            OnStartCommand()参数
            </summary>
        </member>
        <member name="P:AutumnBox.OpenFramework.Extension.StartArgs.Device">
            <summary>
            目标设备
            </summary>
        </member>
        <member name="T:AutumnBox.OpenFramework.Extension.StopArgs">
            <summary>
            OnStopCommand()参数
            </summary>
        </member>
        <member name="T:AutumnBox.OpenFramework.Extension.DestoryArgs">
            <summary>
            OnDestory()参数
            </summary>
        </member>
        <member name="P:AutumnBox.OpenFramework.Internal.ExtensionManager.ExtensionsPath">
            <summary>
            拓展文件夹绝对路径
            </summary>
        </member>
        <member name="M:AutumnBox.OpenFramework.Internal.ExtensionManager.LoadAllExtension(AutumnBox.OpenFramework.Context)">
            <summary>
            加载所有模块
            </summary>
        </member>
        <member name="M:AutumnBox.OpenFramework.Internal.ExtensionManager.DestoryAllExtension(AutumnBox.OpenFramework.Context)">
            <summary>
            摧毁所有模块
            </summary>
        </member>
        <member name="M:AutumnBox.OpenFramework.Internal.ExtensionManager.GetExtensions(AutumnBox.OpenFramework.Context)">
            <summary>
            获取所有模块
            </summary>
            <param name="context"></param>
            <param name="targetDeviceState"></param>
            <returns></returns>
        </member>
        <member name="T:AutumnBox.OpenFramework.Internal.FrameworkLoader">
            <summary>
            框架加载器
            </summary>
        </member>
        <member name="M:AutumnBox.OpenFramework.Internal.FrameworkLoader.SetLogApi(AutumnBox.OpenFramework.Context,AutumnBox.OpenFramework.Open.ILogApi)">
            <summary>
            设置Log api
            </summary>
            <param name="ctx"></param>
            <param name="api"></param>
        </member>
        <member name="M:AutumnBox.OpenFramework.Internal.FrameworkLoader.SetGuiApi(AutumnBox.OpenFramework.Context,AutumnBox.OpenFramework.Open.IGuiApi)">
            <summary>
            设置GuiApi
            </summary>
            <param name="ctx"></param>
            <param name="api"></param>
        </member>
        <member name="T:AutumnBox.OpenFramework.BuildInfo">
            <summary>
            关于SDK的信息
            </summary>
        </member>
        <member name="F:AutumnBox.OpenFramework.BuildInfo.SDK_VERSION">
            <summary>
            SDK版本
            </summary>
        </member>
        <member name="T:AutumnBox.OpenFramework.Open.Space">
            <summary>
            空间管理器
            </summary>
        </member>
        <member name="M:AutumnBox.OpenFramework.Open.Space.GetTempDir(AutumnBox.OpenFramework.Context)">
            <summary>
            根据Context获取临时文件夹
            </summary>
            <param name="ctx"></param>
            <returns></returns>
        </member>
        <member name="M:AutumnBox.OpenFramework.Open.Space.CleanTempDir(AutumnBox.OpenFramework.Context)">
            <summary>
            清理对应Context的临时文件夹
            </summary>
            <param name="ctx"></param>
        </member>
        <member name="T:AutumnBox.OpenFramework.Open.IGuiApi">
            <summary>
            GUI接口
            </summary>
        </member>
        <member name="M:AutumnBox.OpenFramework.Open.IGuiApi.ShowChoiceBox(AutumnBox.OpenFramework.Context,System.String,System.String,System.String,System.String)">
            <summary>
            显示一个选择窗口.并等待用户返回结果
            </summary>
            <param name="context"></param>
            <param name="title">标题</param>
            <param name="msg">内容</param>
            <param name="btnLeft">左按钮文本,默认取消</param>
            <param name="btnRight">右按钮文本,默认确定</param>
            <returns></returns>
        </member>
        <member name="M:AutumnBox.OpenFramework.Open.IGuiApi.ShowMessageBox(AutumnBox.OpenFramework.Context,System.String,System.String)">
            <summary>
            显示消息窗口
            </summary>
            <param name="context"></param>
            <param name="title">标题,建议使用模块名称</param>
            <param name="msg">信息</param>
        </member>
        <member name="M:AutumnBox.OpenFramework.Open.IGuiApi.ShowLoadingWindow(AutumnBox.OpenFramework.Context,AutumnBox.Basic.FlowFramework.ICompletable)">
            <summary>
            显示加载窗口
            </summary>
            <param name="context"></param>
            <param name="completable">可被主动停止或可得知停止的类</param>
        </member>
        <member name="M:AutumnBox.OpenFramework.Open.IGuiApi.RunOnUIThread(AutumnBox.OpenFramework.Context,System.Action)">
            <summary>
            在UI线程运行一些方法
            </summary>
            <param name="context"></param>
            <param name="act"></param>
        </member>
        <member name="M:AutumnBox.OpenFramework.Open.IGuiApi.GetMainWindow(AutumnBox.OpenFramework.Context)">
            <summary>
            获取主窗口
            </summary>
            <param name="context"></param>
            <returns></returns>
        </member>
        <member name="M:AutumnBox.OpenFramework.Open.IGuiApi.GetPublicResouce(AutumnBox.OpenFramework.Context,System.String)">
            <summary>
            获取公共资源
            </summary>
            <param name="context"></param>
            <param name="key"></param>
            <returns></returns>
        </member>
        <member name="M:AutumnBox.OpenFramework.Open.IGuiApi.GetPublicResouce``1(AutumnBox.OpenFramework.Context,System.String)">
            <summary>
            获取公共资源
            </summary>
            <typeparam name="TReturn"></typeparam>
            <param name="context"></param>
            <param name="key"></param>
            <returns></returns>
        </member>
        <member name="P:AutumnBox.OpenFramework.Open.IGuiApi.CurrentLanguageCode">
            <summary>
            获取界面语言代码 类似zh-CN
            </summary>
            <returns>语言代码</returns>
        </member>
        <member name="M:AutumnBox.OpenFramework.Open.IGuiApi.ShowDebugWindow(AutumnBox.OpenFramework.Context)">
            <summary>
            显示调试窗口
            </summary>
            <param name="ctx"></param>
        </member>
        <member name="T:AutumnBox.OpenFramework.Open.ILogApi">
            <summary>
            日志API
            </summary>
        </member>
        <member name="M:AutumnBox.OpenFramework.Open.ILogApi.Debug(AutumnBox.OpenFramework.Context,System.String)">
            <summary>
            打印一个前缀为DEBUG的日志
            </summary>
            <param name="sender"></param>
            <param name="msg"></param>
        </member>
        <member name="M:AutumnBox.OpenFramework.Open.ILogApi.Info(AutumnBox.OpenFramework.Context,System.String)">
            <summary>
            打印一个前缀为INFO的日志
            </summary>
            <param name="sender"></param>
            <param name="msg"></param>
        </member>
        <member name="M:AutumnBox.OpenFramework.Open.ILogApi.Warn(AutumnBox.OpenFramework.Context,System.String)">
            <summary>
            打印一个警告日志
            </summary>
            <param name="sender"></param>
            <param name="msg"></param>
        </member>
        <member name="M:AutumnBox.OpenFramework.Open.ILogApi.Warn(AutumnBox.OpenFramework.Context,System.String,System.Exception)">
            <summary>
            打印一个错误日志
            </summary>
            <param name="sender"></param>
            <param name="msg"></param>
            <param name="e"></param>
        </member>
        <member name="T:AutumnBox.OpenFramework.Open.OpenApi">
            <summary>
            可供拓展模块调用的开放API
            </summary>
        </member>
        <member name="P:AutumnBox.OpenFramework.Open.OpenApi.Gui">
            <summary>
            GUI相关的API
            </summary>
        </member>
        <member name="P:AutumnBox.OpenFramework.Open.OpenApi.Log">
            <summary>
            调试相关的API
            </summary>
        </member>
    </members>
</doc>
